Rk,Player,Tm,Age,Pos,G,GS,Cmp,Att,Yds,RPO_Plays,RPO_Yds,RPO_PassAtt,RPO_PassYds,RPO_RushAtt,RPO_RushYds,PlayAction_PassAtt,PlayAction_PassYds,Year
1,Jameis Winston,TAM,25,QB,16,16,380,626,5109,9,82,8,80,1,2,93,1133,2019
2,Dak Prescott,DAL,26,QB,16,16,388,596,4902,54,453,45,383,9,70,129,1239,2019
3,Jared Goff,LAR,25,QB,16,16,394,626,4638,2,3,0,0,2,3,182,1564,2019
4,Philip Rivers,LAC,38,QB,16,16,390,591,4615,36,403,36,403,0,0,90,861,2019
5,Matt Ryan,ATL,34,QB,15,15,408,616,4466,31,253,31,253,0,0,108,827,2019
6,Russell Wilson,SEA,31,QB,16,16,341,516,4110,51,377,38,344,9,33,117,1059,2019
7,Tom Brady,NWE,42,QB,16,16,373,613,4057,21,119,21,119,0,0,124,980,2019
8,Derek Carr,OAK,28,QB,16,16,361,513,4054,18,120,17,108,1,12,84,709,2019
9,Carson Wentz,PHI,27,QB,16,16,388,607,4039,79,447,68,396,7,51,149,1062,2019
10,Patrick Mahomes,KAN,24,QB,14,14,319,484,4031,71,497,64,469,6,28,115,908,2019
11,Aaron Rodgers,GNB,36,QB,16,16,353,569,4002,32,107,30,107,0,0,124,966,2019
12,Jimmy Garoppolo,SFO,28,QB,16,16,329,476,3978,24,349,23,349,0,0,125,1438,2019
13,Deshaun Watson,HOU,24,QB,15,15,333,495,3852,92,637,65,517,25,120,94,813,2019
14,Baker Mayfield,CLE,24,QB,16,16,317,534,3827,60,470,58,471,1,-1,125,1128,2019
15,Kyler Murray,ARI,22,QB,16,16,349,542,3722,108,780,70,536,33,244,116,938,2019
16,Kirk Cousins,MIN,31,QB,15,15,307,444,3603,1,46,1,46,0,0,124,1235,2019
17,Ryan Fitzpatrick,MIA,37,QB,15,13,311,502,3529,15,75,13,75,0,0,66,564,2019
18,Andy Dalton,CIN,32,QB,13,13,314,528,3494,38,206,33,198,5,8,103,692,2019
19,Kyle Allen,CAR,23,QB,13,12,303,489,3322,56,446,52,439,2,7,103,787,2019
20,Gardner Minshew II,JAX,23,QB,14,12,285,470,3271,19,197,16,194,2,3,58,658,2019
21,Mitchell Trubisky,CHI,25,QB,15,15,326,516,3138,40,203,26,132,14,71,86,692,2019
22,Lamar Jackson,BAL,22,QB,15,15,265,401,3127,173,1259,77,588,92,671,116,892,2019
23,Josh Allen,BUF,23,QB,16,16,271,461,3089,42,267,32,240,8,27,93,787,2019
24,Daniel Jones,NYG,22,QB,13,12,284,459,3027,37,325,28,297,5,28,75,639,2019
25,Sam Darnold,NYJ,22,QB,13,13,273,441,3024,35,241,32,235,2,6,92,675,2019
26,Drew Brees,NOR,40,QB,11,11,281,378,2979,2,27,2,27,0,0,53,492,2019
27,Jacoby Brissett,IND,27,QB,15,15,272,447,2942,60,343,50,305,9,38,110,827,2019
28,Ryan Tannehill,TEN,31,QB,12,10,201,286,2742,7,90,5,85,2,5,74,1095,2019
29,Matthew Stafford,DET,31,QB,8,8,187,291,2499,14,90,8,52,5,38,69,672,2019
30,Joe Flacco,DEN,34,QB,8,8,171,262,1822,4,16,4,16,0,0,38,287,2019
31,Mason Rudolph,PIT,24,QB,10,8,176,283,1765,14,89,13,88,1,1,39,165,2019
32,Case Keenum,WAS,31,QB,10,8,160,247,1707,14,51,14,51,0,0,48,425,2019
33,Teddy Bridgewater,NOR,27,qb,9,5,133,196,1384,0,0,0,0,0,0,29,360,2019
34,Dwayne Haskins,WAS,22,qb,9,7,119,203,1365,7,35,6,35,0,0,40,335,2019
35,Marcus Mariota,TEN,26,qb,7,6,95,160,1203,19,165,14,147,5,18,42,473,2019
36,Devlin Hodges,PIT,23,qb,8,6,100,160,1063,14,67,12,68,2,-1,18,116,2019
37,Eli Manning,NYG,38,qb,4,4,91,147,1042,14,112,14,112,0,0,34,282,2019
38,Drew Lock,DEN,23,qb,5,5,100,156,1020,13,91,12,91,0,0,31,284,2019
39,David Blough,DET,24,qb,5,5,94,174,984,2,0,2,0,0,0,31,220,2019
40,Nick Foles,JAX,30,qb,4,4,77,117,736,6,36,5,23,1,13,14,92,2019
41,Jeff Driskel,DET,26,qb,3,3,62,105,685,8,40,0,0,8,40,14,44,2019
42,Matt Moore,KAN,35,qb,6,2,59,91,659,14,137,13,137,0,0,30,343,2019
43,Matt Schaub,ATL,38,qb,6,1,50,67,580,2,0,2,0,0,0,13,143,2019
44,Cam Newton,CAR,30,qb,2,2,50,89,572,15,116,12,116,2,0,22,195,2019
45,Josh Rosen,MIA,22,qb,6,3,58,109,567,11,26,10,26,0,0,15,40,2019
46,Brandon Allen,DEN,27,qb,3,3,39,84,515,8,25,7,14,1,11,24,273,2019
47,Ryan Finley,CIN,25,qb,3,3,41,87,474,3,1,2,0,1,1,14,131,2019
48,Chase Daniel,CHI,33,qb,3,1,45,64,435,4,26,4,26,0,0,14,82,2019
49,Luke Falk,NYJ,25,qb,3,2,47,73,416,3,22,3,22,0,0,14,113,2019
50,Brian Hoyer,IND,34,qb,4,1,35,65,372,3,30,3,30,0,0,9,80,2019
51,Matt Barkley,BUF,29,qb,2,0,27,51,359,0,0,0,0,0,0,10,106,2019
52,Ben Roethlisberger,PIT,37,qb,2,2,35,62,351,0,0,0,0,0,0,1,8,2019
53,Will Grier,CAR,24,qb,2,2,28,52,228,2,0,2,0,0,0,7,60,2019
54,Robert Griffin III,BAL,29,qb,7,1,23,38,225,15,69,8,42,6,27,10,42,2019
55,A.J. McCarron,HOU,29,qb,2,1,21,37,225,2,7,2,7,0,0,7,36,2019
56,Sean Mannion,MIN,27,qb,3,1,12,21,126,0,0,0,0,0,0,2,11,2019
57,Colt McCoy,WAS,33,qb,1,1,18,27,122,0,0,0,0,0,0,4,40,2019
58,Mike Glennon,OAK,30,qb,2,0,6,10,56,0,0,0,0,0,0,0,0,2019
59,Taysom Hill,NOR,29,wr,16,5,3,6,55,10,28,0,0,9,28,1,0,2019
60,Brett Hundley,ARI,26,qb,3,0,5,11,49,4,34,2,28,1,6,3,28,2019
61,Julian Edelman,NWE,33,WR,16,13,2,2,47,1,15,1,15,0,0,1,15,2019
62,Courtland Sutton,DEN,24,WR,16,14,1,1,38,0,0,0,0,0,0,0,0,2019
63,Jaylen Samuels,PIT,23,te,14,4,4,5,35,11,47,1,0,10,47,1,0,2019
64,Emmanuel Sanders,2TM,32,,17,16,1,1,35,0,0,0,0,0,0,1,35,2019
65,James White,NWE,27,rb,15,1,1,1,35,3,1,0,0,3,1,0,0,2019
66,Tyrod Taylor,LAC,30,qb,8,0,4,6,33,3,-1,1,-2,2,1,2,12,2019
67,John Brown,BUF,29,WR,15,15,1,1,28,0,0,0,0,0,0,1,28,2019
68,Johnny Hekker,LAR,29,p,16,0,2,3,28,0,0,0,0,0,0,0,0,2019
69,Alex Erickson,CIN,27,wr,16,6,1,1,26,1,26,1,26,0,0,1,26,2019
70,Andy Lee,ARI,37,p,15,0,1,1,26,0,0,0,0,0,0,0,0,2019
71,Josh McCown,PHI,40,qb,3,0,3,5,24,1,13,1,13,0,0,1,13,2019
72,Odell Beckham Jr.,CLE,27,WR,16,15,1,2,20,0,0,0,0,0,0,0,0,2019
73,Albert Wilson,MIA,27,wr,13,4,1,2,20,5,52,1,20,3,32,1,20,2019
74,Danny Amendola,DET,34,WR,15,10,1,1,19,1,19,1,19,0,0,1,19,2019
75,Ryan Griffin,TAM,30,qb,2,0,2,4,18,0,0,0,0,0,0,0,0,2019
76,Logan Cooke,JAX,24,p,16,0,2,2,16,0,0,0,0,0,0,0,0,2019
77,Dante Pettis,SFO,24,wr,11,4,1,1,16,0,0,0,0,0,0,0,0,2019
78,Tim Boyle,GNB,25,qb,3,0,3,4,15,1,7,1,7,0,0,2,12,2019
79,Jarrett Stidham,NWE,23,qb,3,0,2,4,14,0,0,0,0,0,0,0,0,2019
80,Alvin Kamara,NOR,24,RB,14,9,1,1,13,6,37,0,0,6,37,0,0,2019
81,Michael Palardy,CAR,27,p,16,0,1,1,12,0,0,0,0,0,0,0,0,2019
82,Kelvin Harmon,WAS,23,WR,16,8,1,1,11,0,0,0,0,0,0,1,11,2019
83,Brett Kern,TEN,33,p,16,0,1,2,11,0,0,0,0,0,0,0,0,2019
84,Andrew Beck,DEN,23,te,16,6,1,1,6,0,0,0,0,0,0,0,0,2019
85,DeAndre Hopkins,HOU,27,WR,15,15,1,2,6,1,6,1,6,0,0,0,0,2019
86,Kenjon Barner,ATL,30,rb,14,0,1,1,3,0,0,0,0,0,0,0,0,2019
87,Blake Bortles,LAR,27,qb,3,0,1,2,3,1,1,0,0,1,1,1,0,2019
88,Trevor Siemian,NYJ,28,qb,1,1,3,6,3,2,1,2,1,0,0,2,1,2019
89,Matt Haack,MIA,25,p,16,0,1,2,1,0,0,0,0,0,0,0,0,2019
90,Alex Tanney,NYG,32,qb,1,0,1,1,1,0,0,0,0,0,0,1,1,2019
91,Randall Cobb,DAL,29,wr,15,6,0,1,0,0,0,0,0,0,0,0,0,2019
92,Dustin Colquitt,KAN,37,p,16,0,0,1,0,0,0,0,0,0,0,0,0,2019
93,Stefon Diggs,MIN,26,WR,15,15,0,1,0,0,0,0,0,0,0,0,0,2019
94,Jake Elliott,PHI,24,k,16,0,0,1,0,0,0,0,0,0,0,0,0,2019
95,Garrett Gilbert,CLE,28,qb,5,0,0,3,0,0,0,0,0,0,0,0,0,2019
96,Josh Gordon,2TM,28,,11,7,0,1,0,0,0,0,0,0,0,1,0,2019
97,Cooper Kupp,LAR,26,WR,16,14,0,1,0,0,0,0,0,0,0,0,0,2019
98,Christian McCaffrey,CAR,23,RB,16,16,0,2,0,21,68,0,0,21,68,0,0,2019
99,Zach Pascal,IND,25,WR,16,13,0,1,0,0,0,0,0,0,0,0,0,2019
100,Bilal Powell,NYJ,31,rb,13,1,0,1,0,4,15,0,0,4,15,0,0,2019
101,Steven Sims,WAS,22,wr,16,2,0,1,0,1,4,0,0,1,4,0,0,2019
102,Sam Koch,BAL,37,p,16,0,1,1,-2,0,0,0,0,0,0,0,0,2019
1,Deshaun Watson,HOU,25,QB,16,16,382,544,4823,73,598,56,519,13,79,81,834,2020
2,Patrick Mahomes,KAN,25,QB,15,15,390,588,4740,100,770,94,756,4,14,144,1068,2020
3,Tom Brady,TAM,43,QB,16,16,401,610,4633,15,110,14,110,1,0,110,1119,2020
4,Matt Ryan,ATL,35,QB,16,16,407,626,4581,18,166,16,166,0,0,152,1432,2020
5,Josh Allen,BUF,24,QB,16,16,396,572,4544,82,617,62,547,18,70,160,1501,2020
6,Justin Herbert,LAC,22,QB,15,15,396,595,4336,32,196,20,115,10,81,127,1140,2020
7,Aaron Rodgers,GNB,37,QB,16,16,372,526,4299,42,335,39,323,3,12,140,1160,2020
8,Kirk Cousins,MIN,32,QB,16,16,349,516,4265,4,62,3,60,1,2,127,1286,2020
9,Russell Wilson,SEA,32,QB,16,16,384,558,4212,42,284,33,238,8,46,124,1047,2020
10,Philip Rivers,IND,39,QB,16,16,369,543,4169,44,370,44,370,0,0,86,719,2020
11,Derek Carr,LVR,29,QB,16,16,348,517,4103,27,163,22,130,4,33,87,587,2020
12,Matthew Stafford,DET,32,QB,16,16,339,528,4084,27,273,27,273,0,0,105,959,2020
13,Kyler Murray,ARI,23,QB,16,16,375,558,3971,171,1395,121,1107,43,288,107,877,2020
14,Jared Goff,LAR,26,QB,15,15,370,552,3952,2,11,0,0,2,11,172,1384,2020
15,Ryan Tannehill,TEN,32,QB,16,16,315,481,3819,17,153,9,54,8,99,158,1541,2020
16,Ben Roethlisberger,PIT,38,QB,15,15,399,608,3803,26,85,25,85,1,0,48,234,2020
17,Teddy Bridgewater,CAR,28,QB,15,15,340,492,3733,22,114,20,107,2,7,90,637,2020
18,Baker Mayfield,CLE,25,QB,16,16,305,486,3563,7,63,5,60,2,3,121,1141,2020
19,Daniel Jones,NYG,23,QB,14,14,280,448,2943,46,367,28,208,17,159,101,717,2020
20,Drew Brees,NOR,41,QB,12,12,275,390,2942,5,34,5,34,0,0,55,430,2020
21,Drew Lock,DEN,24,QB,13,13,254,443,2933,25,147,21,117,4,30,92,774,2020
22,Lamar Jackson,BAL,23,QB,15,15,242,376,2757,157,1301,75,742,76,559,87,767,2020
23,Joe Burrow,CIN,24,QB,10,10,264,404,2688,38,185,34,170,2,15,78,503,2020
24,Cam Newton,NWE,31,QB,15,15,242,368,2657,36,145,13,61,23,84,99,863,2020
25,Carson Wentz,PHI,28,QB,12,12,251,437,2620,64,253,51,210,8,43,103,583,2020
26,Nick Mullens,SFO,25,QB,10,8,211,326,2437,13,74,12,74,0,0,86,863,2020
27,Gardner Minshew II,JAX,24,QB,9,8,216,327,2259,18,131,14,127,3,4,47,363,2020
28,Sam Darnold,NYJ,23,QB,12,12,217,364,2208,8,48,5,37,3,11,63,542,2020
29,Andy Dalton,DAL,33,QB,11,9,216,333,2170,21,177,17,154,3,23,61,414,2020
30,Ryan Fitzpatrick,MIA,38,qb,9,7,183,267,2091,16,109,14,109,1,0,41,341,2020
31,Mitchell Trubisky,CHI,26,QB,10,9,199,297,2055,31,213,25,200,6,13,96,798,2020
32,Dak Prescott,DAL,27,qb,5,5,151,222,1856,34,263,32,261,1,2,58,582,2020
33,Nick Foles,CHI,31,qb,9,7,202,312,1852,32,238,30,238,0,0,59,468,2020
34,Tua Tagovailoa,MIA,22,QB,10,9,186,290,1814,32,208,28,195,4,13,78,466,2020
35,Alex Smith,WAS,36,QB,8,6,168,252,1582,22,122,22,122,0,0,48,365,2020
36,Dwayne Haskins,WAS,23,qb,7,6,148,241,1439,40,231,35,224,3,7,36,160,2020
37,Jimmy Garoppolo,SFO,29,qb,6,6,94,140,1096,10,57,8,57,0,0,40,385,2020
38,Mike Glennon,JAX,31,qb,5,5,111,179,1072,3,6,2,6,0,0,26,267,2020
39,Jalen Hurts,PHI,22,qb,15,4,77,148,1061,40,338,15,198,22,140,19,236,2020
40,Taysom Hill,NOR,30,wr/qb,16,8,88,121,928,11,75,4,44,7,31,26,253,2020
41,Brandon Allen,CIN,28,qb,5,5,90,142,925,20,183,18,180,1,3,35,236,2020
42,Joe Flacco,NYJ,35,qb,5,4,74,134,864,4,9,4,9,0,0,28,213,2020
43,C.J. Beathard,SFO,27,qb,6,2,66,104,787,6,34,4,15,2,19,16,96,2020
44,Jake Luton,JAX,24,qb,3,3,60,110,624,4,25,4,25,0,0,18,108,2020
45,Kyle Allen,WAS,24,qb,4,4,60,87,610,11,77,8,75,1,2,29,234,2020
46,Jeff Driskel,DEN,27,qb,3,1,35,64,432,3,38,3,38,0,0,6,55,2020
47,Colt McCoy,NYG,34,qb,4,2,40,66,375,3,3,3,3,0,0,14,85,2020
48,P.J. Walker,CAR,25,qb,4,1,32,56,368,3,20,2,20,0,0,8,21,2020
49,Mason Rudolph,PIT,25,qb,5,1,25,43,324,1,7,1,7,0,0,2,0,2020
50,Brett Rypien,DEN,24,qb,3,1,27,40,295,1,0,1,0,0,0,5,54,2020
51,Chase Daniel,DET,34,qb,4,0,29,43,264,1,21,1,21,0,0,5,78,2020
52,Jarrett Stidham,NWE,24,qb,5,0,22,44,256,3,24,2,23,1,1,10,56,2020
53,Chad Henne,KAN,35,qb,3,1,28,38,248,3,-1,1,-2,1,1,9,30,2020
54,Garrett Gilbert,DAL,29,qb,1,1,21,38,243,1,0,1,0,0,0,2,16,2020
55,John Wolford,LAR,25,qb,1,1,22,38,231,8,67,5,35,3,32,7,35,2020
56,Marcus Mariota,LVR,27,qb,1,0,17,28,226,3,56,0,0,3,56,5,34,2020
57,Ben DiNucci,DAL,24,qb,3,1,23,43,219,4,2,2,0,2,2,6,14,2020
58,Tyrod Taylor,LAC,31,qb,2,1,16,30,208,5,24,3,23,2,1,7,46,2020
59,Matt Barkley,BUF,30,qb,5,0,11,21,197,2,10,2,10,0,0,7,66,2020
60,Ryan Finley,CIN,26,qb,5,1,17,32,164,5,36,0,0,5,36,1,0,2020
61,Blaine Gabbert,TAM,31,qb,4,0,9,16,143,0,0,0,0,0,0,2,30,2020
62,Taylor Heinicke,WAS,27,qb,1,0,12,19,137,0,0,0,0,0,0,0,0,2020
63,Brian Hoyer,NWE,35,qb,1,1,15,24,130,3,59,3,59,0,0,9,83,2020
64,Chris Streveler,ARI,25,qb,5,0,11,16,105,3,24,3,24,0,0,5,37,2020
65,Trace McSorley,BAL,25,qb,2,0,3,10,90,5,2,2,0,3,2,2,0,2020
66,Jameis Winston,NOR,26,qb,4,0,7,11,75,0,0,0,0,0,0,3,31,2020
67,Jarvis Landry,CLE,28,WR,15,14,4,4,74,0,0,0,0,0,0,1,6,2020
68,David Blough,DET,25,qb,1,0,6,10,49,0,0,0,0,0,0,1,20,2020
69,Case Keenum,CLE,32,qb,2,0,5,10,46,0,0,0,0,0,0,1,13,2020
70,Jamison Crowder,NYJ,27,WR,12,7,1,1,43,0,0,0,0,0,0,1,43,2020
71,Jakobi Meyers,NWE,24,wr,14,9,2,2,43,0,0,0,0,0,0,0,0,2020
72,Robert Griffin III,BAL,30,qb,4,1,8,14,42,4,48,0,0,4,48,4,8,2020
73,Russell Gage,ATL,24,wr,16,8,1,2,39,0,0,0,0,0,0,0,0,2020
74,Julian Edelman,NWE,34,wr,6,1,2,2,38,0,0,0,0,0,0,1,22,2020
75,Geno Smith,SEA,30,qb,1,0,4,5,33,3,12,1,14,2,-2,1,14,2020
76,Lynn Bowden Jr.,MIA,23,wr,10,4,1,2,32,1,8,0,0,1,8,1,32,2020
77,Nate Sudfeld,PHI,27,qb,1,0,5,12,32,1,0,1,0,0,0,2,0,2020
78,Zay Jones,LVR,25,wr,16,2,1,1,29,0,0,0,0,0,0,0,0,2020
79,Joseph Charlton,CAR,23,p,16,0,1,1,28,0,0,0,0,0,0,0,0,2020
80,Logan Thomas,WAS,29,TE,16,15,1,1,28,0,0,0,0,0,0,1,28,2020
81,Andy Lee,ARI,38,p,16,0,1,1,26,0,0,0,0,0,0,0,0,2020
82,Nathan Peterman,LVR,26,qb,1,0,3,5,25,0,0,0,0,0,0,1,4,2020
83,Cedrick Wilson Jr.,DAL,25,wr,16,0,2,2,23,1,12,1,12,0,0,0,0,2020
84,Cole Beasley,BUF,31,wr,15,10,1,1,20,1,20,1,20,0,0,0,0,2020
85,A.J. McCarron,HOU,30,qb,2,0,1,1,20,0,0,0,0,0,0,0,0,2020
86,Odell Beckham Jr.,CLE,28,WR,7,7,1,1,18,0,0,0,0,0,0,0,0,2020
87,Tyler Bray,CHI,29,qb,1,0,1,5,18,0,0,0,0,0,0,0,0,2020
88,Golden Tate,NYG,32,wr,12,4,1,2,18,0,0,0,0,0,0,0,0,2020
89,Jacoby Brissett,IND,28,qb,11,0,2,8,17,4,8,0,0,3,8,2,4,2020
90,Tyler Boyd,CIN,26,wr,15,8,1,2,16,1,0,1,0,0,0,1,0,2020
91,Tyler Huntley,BAL,22,qb,2,0,3,5,15,6,23,1,-1,5,24,1,-1,2020
92,Sam Koch,BAL,38,p,15,0,1,1,15,0,0,0,0,0,0,0,0,2020
93,Greg Ward,PHI,25,wr,16,10,1,1,15,0,0,0,0,0,0,0,0,2020
94,Kendall Hinton,DEN,23,wr,1,0,1,9,13,4,5,3,0,1,5,4,0,2020
95,Jaquan Johnson,BUF,25,db,14,0,1,1,13,0,0,0,0,0,0,0,0,2020
96,Tommy Townsend,KAN,24,p,16,0,1,1,13,0,0,0,0,0,0,0,0,2020
97,Isaiah McKenzie,BUF,25,wr,16,7,1,1,12,0,0,0,0,0,0,0,0,2020
98,Logan Woodside,TEN,25,qb,6,0,1,3,7,0,0,0,0,0,0,0,0,2020
99,Travis Kelce,KAN,31,TE,15,15,1,2,4,1,0,1,0,0,0,0,0,2020
100,Easton Stick,LAC,25,qb,1,0,1,1,4,0,0,0,0,0,0,1,4,2020
101,Joshua Dobbs,PIT,25,qb,1,0,4,5,2,0,0,0,0,0,0,0,0,2020
102,Jamal Agnew,DET,25,db,14,2,0,1,0,0,0,0,0,0,0,0,0,2020
103,Keenan Allen,LAC,28,WR,14,13,0,1,0,0,0,0,0,0,0,0,0,2020
104,Randall Cobb,HOU,30,wr,10,2,0,1,0,1,0,1,0,0,0,1,0,2020
105,Riley Dixon,NYG,27,p,16,0,0,1,0,0,0,0,0,0,0,0,0,2020
106,Alex Erickson,CIN,28,wr,16,2,0,1,0,0,0,0,0,0,0,0,0,2020
107,Chris Jones,DAL,31,p,8,0,0,1,0,0,0,0,0,0,0,0,0,2020
108,Brett Kern,TEN,34,p,13,0,0,1,0,0,0,0,0,0,0,0,0,2020
109,D.J. Moore,CAR,23,WR,15,14,0,1,0,1,0,1,0,0,0,1,0,2020
110,Zach Pascal,IND,26,WR,16,14,0,1,0,0,0,0,0,0,0,0,0,2020
111,Sammy Watkins,KAN,27,WR,10,9,0,1,0,0,0,0,0,0,0,0,0,2020
112,Isaiah Wright,WAS,23,wr,14,6,0,1,0,1,6,0,0,1,6,0,0,2020
1,Tom Brady,TAM,44,QB,17,17,485,719,5316,8,72,8,72,0,0,113,912,2021
2,Justin Herbert,LAC,23,QB,17,17,443,672,5014,54,516,46,484,6,32,166,1515,2021
3,Matthew Stafford,LAR,33,QB,17,17,404,601,4886,25,233,25,233,0,0,122,1247,2021
4,Patrick Mahomes,KAN,26,QB,17,17,436,658,4839,96,652,90,638,5,14,147,1099,2021
5,Derek Carr,LVR,30,QB,17,17,428,626,4804,31,228,29,228,1,0,93,909,2021
6,Joe Burrow,CIN,25,QB,16,16,366,520,4611,23,168,20,167,1,1,75,807,2021
7,Dak Prescott,DAL,28,QB,16,16,410,596,4449,43,210,38,198,4,12,118,953,2021
8,Josh Allen,BUF,25,QB,17,17,409,646,4407,124,916,93,762,31,154,178,1643,2021
9,Kirk Cousins,MIN,33,QB,16,16,372,561,4221,8,23,7,21,1,2,113,1107,2021
10,Aaron Rodgers,GNB,38,QB,16,16,366,531,4115,30,200,30,200,0,0,107,798,2021
11,Matt Ryan,ATL,36,QB,17,17,375,560,3968,28,219,22,214,1,5,131,1099,2021
12,Jimmy Garoppolo,SFO,30,QB,15,15,301,441,3810,38,339,37,334,1,5,100,1017,2021
13,Mac Jones,NWE,23,QB,17,17,352,521,3801,33,324,32,324,0,0,104,888,2021
14,Kyler Murray,ARI,24,QB,14,14,333,481,3787,111,780,79,702,28,78,109,937,2021
15,Ben Roethlisberger,PIT,39,QB,16,16,390,605,3740,23,52,21,51,1,1,90,587,2021
16,Ryan Tannehill,TEN,33,QB,17,17,357,531,3734,34,311,22,224,12,87,132,1114,2021
17,Trevor Lawrence,JAX,22,QB,17,17,359,602,3641,74,527,52,450,18,77,124,1013,2021
18,Carson Wentz,IND,29,QB,17,17,322,516,3563,84,597,76,553,7,44,144,1234,2021
19,Taylor Heinicke,WAS,28,QB,16,15,321,494,3419,65,527,56,486,5,41,122,1087,2021
20,Jared Goff,DET,27,QB,14,14,332,494,3245,24,191,22,174,1,17,79,647,2021
21,Jalen Hurts,PHI,23,QB,15,15,265,432,3144,154,1178,95,819,52,359,111,994,2021
22,Russell Wilson,SEA,33,QB,14,14,259,400,3113,45,225,36,204,7,21,102,1036,2021
23,Teddy Bridgewater,DEN,29,QB,14,14,285,426,3052,23,171,20,171,0,0,76,508,2021
24,Baker Mayfield,CLE,26,QB,14,14,253,418,3010,11,78,9,76,2,2,89,849,2021
25,Lamar Jackson,BAL,24,QB,12,12,246,382,2882,119,834,63,574,54,260,93,831,2021
26,Davis Mills,HOU,23,QB,13,11,263,394,2664,18,92,13,90,1,2,65,394,2021
27,Tua Tagovailoa,MIA,23,QB,13,12,263,388,2653,94,858,90,847,4,11,116,990,2021
28,Sam Darnold,CAR,24,QB,12,11,243,406,2527,26,83,22,68,3,15,87,595,2021
29,Daniel Jones,NYG,24,QB,11,11,232,361,2428,38,160,25,111,10,49,93,652,2021
30,Zach Wilson,NYJ,22,QB,13,13,213,383,2334,18,76,14,72,1,4,81,468,2021
31,Justin Fields,CHI,22,QB,12,10,159,270,1870,22,137,8,75,11,62,48,413,2021
32,Andy Dalton,CHI,34,QB,8,6,149,236,1515,14,141,12,138,1,3,30,174,2021
33,Jacoby Brissett,MIA,29,QB,11,5,141,225,1283,23,156,21,152,1,4,33,243,2021
34,Jameis Winston,NOR,27,QB,7,7,95,161,1170,2,11,1,0,1,11,37,355,2021
35,Trevor Siemian,NOR,30,QB,6,4,108,188,1154,3,20,3,20,0,0,34,204,2021
36,Tyler Huntley,BAL,23,QB,7,4,122,188,1081,33,147,19,102,9,45,12,109,2021
37,Taysom Hill,NOR,31,QB,12,9,78,134,978,11,74,6,46,4,28,32,349,2021
38,Tyrod Taylor,HOU,32,QB,6,6,91,150,966,24,143,18,115,4,28,29,239,2021
39,Mike White,NYJ,26,QB,4,3,88,132,953,4,13,4,13,0,0,18,105,2021
40,Mike Glennon,NYG,32,QB,6,4,90,167,790,5,15,5,15,0,0,24,134,2021
41,Drew Lock,DEN,25,QB,6,3,67,111,787,10,49,8,47,1,2,21,140,2021
42,Colt McCoy,ARI,35,QB,8,3,74,99,740,29,265,25,250,3,15,31,295,2021
43,Geno Smith,SEA,31,QB,4,3,65,95,702,3,25,3,25,0,0,19,214,2021
44,Cam Newton,CAR,32,QB,8,5,69,126,684,32,202,19,119,12,83,19,113,2021
45,Josh Johnson,2TM,35,QB,4,1,57,85,638,8,41,6,42,2,-1,10,61,2021
46,Trey Lance,SFO,21,QB,6,2,41,71,603,18,172,10,145,8,27,20,171,2021
47,Tim Boyle,DET,27,QB,5,3,61,94,526,4,26,4,26,0,0,24,186,2021
48,Case Keenum,CLE,33,QB,7,2,47,72,462,1,6,1,6,0,0,19,197,2021
49,Gardner Minshew II,PHI,25,QB,4,2,41,60,439,6,37,5,37,0,0,15,160,2021
50,Cooper Rush,DAL,28,QB,5,1,30,47,422,2,20,2,20,0,0,7,80,2021
51,Jordan Love,GNB,23,QB,6,1,36,62,411,2,0,2,0,0,0,10,104,2021
52,P.J. Walker,CAR,26,QB,5,1,36,66,362,2,3,2,3,0,0,6,35,2021
53,Joe Flacco,NYJ,36,QB,2,1,27,42,338,1,5,1,5,0,0,7,81,2021
54,Mason Rudolph,PIT,26,QB,2,1,35,58,277,0,0,0,0,0,0,7,41,2021
55,Nick Foles,CHI,32,QB,1,1,24,35,250,4,43,4,43,0,0,3,7,2021
56,Brian Hoyer,NWE,36,QB,5,0,9,11,227,2,59,2,59,0,0,2,28,2021
57,Jake Fromm,NYG,23,QB,3,2,27,60,210,11,39,9,15,2,24,14,16,2021
58,Garrett Gilbert,WAS,30,QB,1,1,20,31,194,2,51,2,51,0,0,5,87,2021
59,Sean Mannion,MIN,29,QB,1,1,22,36,189,1,7,1,7,0,0,1,0,2021
60,Brandon Allen,CIN,29,QB,6,1,17,34,149,1,6,1,6,0,0,6,24,2021
61,Nick Mullens,CLE,26,QB,1,1,20,30,147,1,6,1,6,0,0,7,31,2021
62,Ian Book,NOR,23,QB,1,1,12,20,135,1,12,1,12,0,0,6,30,2021
63,Kyle Allen,WAS,25,QB,2,0,12,19,120,2,11,1,0,1,11,1,0,2021
64,Cedrick Wilson Jr.,DAL,26,WR,16,4,3,3,88,1,22,1,22,0,0,1,22,2021
65,Chad Henne,KAN,36,QB,4,0,11,16,82,0,0,0,0,0,0,0,0,2021
66,Tom Kennedy,DET,25,WR,12,0,1,1,75,0,0,0,0,0,0,1,75,2021
67,Blaine Gabbert,TAM,32,QB,6,0,7,11,67,1,14,1,14,0,0,1,14,2021
68,Tyler Boyd,CIN,27,WR,16,10,1,1,46,0,0,0,0,0,0,0,0,2021
69,Jakobi Meyers,NWE,25,WR,17,16,2,2,45,1,15,1,15,0,0,1,15,2021
70,Mitchell Trubisky,BUF,27,QB,6,0,6,8,43,1,1,1,1,0,0,3,24,2021
71,Jack Fox,DET,25,P,17,0,2,3,38,0,0,0,0,0,0,0,0,2021
72,Chris Streveler,ARI,26,QB,2,0,6,9,36,0,0,0,0,0,0,1,9,2021
73,Justin Jefferson,MIN,22,WR,17,17,2,4,35,0,0,0,0,0,0,2,11,2021
74,C.J. Beathard,JAX,28,QB,2,0,2,2,33,0,0,0,0,0,0,0,0,2021
75,Christian Kirk,ARI,25,WR,17,11,1,1,33,1,33,1,33,0,0,1,33,2021
76,Kendrick Bourne,NWE,26,WR,17,5,1,1,25,0,0,0,0,0,0,0,0,2021
77,Jacob Eason,IND,24,QB,1,0,2,5,25,0,0,0,0,0,0,0,0,2021
78,Deebo Samuel,SFO,25,WR,16,15,1,2,24,7,91,0,0,7,91,0,0,2021
79,Chris Banjo,ARI,31,DB,16,0,1,1,23,0,0,0,0,0,0,0,0,2021
80,Josh Rosen,ATL,24,QB,4,0,2,11,19,0,0,0,0,0,0,2,14,2021
81,Kadarius Toney,NYG,22,WR,10,4,1,3,19,1,7,0,0,1,7,1,0,2021
82,Dante Pettis,NYG,26,WR,3,0,1,1,16,0,0,0,0,0,0,0,0,2021
83,Courtland Sutton,DEN,26,WR,17,16,1,1,16,0,0,0,0,0,0,0,0,2021
84,Tommy Townsend,KAN,25,P,16,0,1,1,16,0,0,0,0,0,0,0,0,2021
85,Ryan Fitzpatrick,WAS,39,QB,1,1,3,6,13,0,0,0,0,0,0,2,2,2021
86,Matthias Farley,TEN,29,DB,17,0,1,1,6,0,0,0,0,0,0,0,0,2021
87,Derrick Henry,TEN,27,RB,8,8,1,1,5,8,25,1,5,7,20,0,0,2021
88,Kellen Mond,MIN,22,QB,1,0,2,3,5,0,0,0,0,0,0,1,-1,2021
89,John Wolford,LAR,26,QB,3,0,1,4,5,1,0,0,0,1,0,0,0,2021
90,Ezekiel Elliott,DAL,26,RB,17,17,1,1,4,35,188,0,0,35,188,0,0,2021
91,Marcus Mariota,LVR,28,QB,10,0,1,2,4,9,71,0,0,9,71,0,0,2021
92,Johnny Hekker,LAR,31,P,17,0,1,1,2,0,0,0,0,0,0,0,0,2021
93,Greg Ward,PHI,26,WR,17,0,1,2,2,1,2,1,2,0,0,1,2,2021
94,Kendall Hinton,DEN,24,WR,16,1,1,1,1,1,1,1,1,0,0,1,1,2021
95,Keenan Allen,LAC,29,WR,16,16,0,1,0,0,0,0,0,0,0,0,0,2021
96,Danny Amendola,HOU,36,WR,8,0,0,1,0,0,0,0,0,0,0,0,0,2021
97,Cole Beasley,BUF,32,WR,16,8,0,1,0,1,0,1,0,0,0,1,0,2021
98,Chris Boswell,PIT,30,K,17,0,0,1,0,0,0,0,0,0,0,0,0,2021
99,A.J. Brown,TEN,24,WR,13,13,0,2,0,0,0,0,0,0,0,0,0,2021
100,Rex Burkhead,HOU,31,RB,16,5,0,1,0,7,21,0,0,7,21,0,0,2021
101,Keelan Cole,NYJ,28,WR,15,11,0,1,0,0,0,0,0,0,0,1,0,2021
102,Riley Dixon,NYG,28,P,17,0,0,1,0,0,0,0,0,0,0,0,0,2021
103,Leonard Fournette,TAM,26,RB,14,13,0,1,0,10,86,0,0,10,86,0,0,2021
104,Feleipe Franks,ATL,24,QB,9,0,0,1,0,3,6,0,0,3,6,0,0,2021
105,Mike Gesicki,MIA,26,TE,17,9,0,1,0,0,0,0,0,0,0,0,0,2021
106,Blake Gillikin,NOR,23,P,17,0,0,1,0,0,0,0,0,0,0,0,0,2021
107,Sam Koch,BAL,39,P,17,0,0,1,0,0,0,0,0,0,0,0,0,2021
108,Cooper Kupp,LAR,28,WR,17,17,0,1,0,0,0,0,0,0,0,0,0,2021
109,Ty Long,LAC,28,P,17,0,0,1,0,0,0,0,0,0,0,0,0,2021
110,David Montgomery,CHI,24,RB,13,13,0,1,0,15,101,0,0,15,101,0,0,2021
111,Cordarrelle Patterson,ATL,30,RB,16,13,0,1,0,8,30,0,0,8,30,0,0,2021
112,Brett Rypien,DEN,25,QB,1,0,0,2,0,0,0,0,0,0,0,0,0,2021
113,D'Andre Swift,DET,22,RB,13,4,0,1,0,13,166,0,0,13,166,0,0,2021
114,Albert Wilson,MIA,29,WR,14,5,0,1,0,0,0,0,0,0,0,1,0,2021
115,Brandon Zylstra,CAR,28,WR,13,3,0,1,0,0,0,0,0,0,0,0,0,2021
1,Patrick Mahomes,KAN,27,QB,17,17,435,648,5250,91,713,86,692,4,21,143,1394,2022
2,Justin Herbert,LAC,24,QB,17,17,477,699,4739,41,328,41,328,0,0,188,1435,2022
3,Tom Brady,TAM,45,QB,17,17,490,733,4694,23,160,23,160,0,0,123,948,2022
4,Kirk Cousins,MIN,34,QB,17,17,424,643,4547,20,175,19,175,0,0,191,1283,2022
5,Joe Burrow,CIN,26,QB,16,16,414,606,4475,65,432,58,414,2,18,95,619,2022
6,Jared Goff,DET,28,QB,17,17,382,587,4438,20,108,20,108,0,0,154,1445,2022
7,Josh Allen,BUF,26,QB,16,16,359,567,4283,69,493,62,471,5,22,145,1235,2022
8,Geno Smith,SEA,32,QB,17,17,399,572,4282,37,283,34,278,2,5,135,1150,2022
9,Trevor Lawrence,JAX,23,QB,17,17,387,584,4113,64,449,56,434,4,15,140,1265,2022
10,Jalen Hurts,PHI,24,QB,15,15,306,460,3701,148,1156,122,1068,21,88,133,1094,2022
11,Aaron Rodgers,GNB,39,QB,17,17,350,542,3695,62,417,58,413,1,4,136,994,2022
12,Tua Tagovailoa,MIA,24,QB,13,13,259,400,3548,74,622,71,615,1,7,159,1431,2022
13,Russell Wilson,DEN,34,QB,15,15,292,483,3524,29,188,25,165,4,23,112,814,2022
14,Derek Carr,LVR,31,QB,15,15,305,502,3522,17,92,17,92,0,0,108,906,2022
15,Daniel Jones,NYG,25,QB,16,16,317,472,3205,49,310,39,240,9,70,141,984,2022
16,Davis Mills,HOU,24,QB,15,15,292,479,3118,21,143,20,142,1,1,117,931,2022
17,Matt Ryan,IND,37,QB,12,12,309,461,3057,33,212,30,212,0,0,80,494,2022
18,Mac Jones,NWE,24,QB,14,14,288,442,2997,21,121,19,121,0,0,80,640,2022
19,Andy Dalton,NOR,35,QB,14,14,252,378,2871,9,63,8,60,1,3,61,611,2022
20,Dak Prescott,DAL,29,QB,12,12,261,394,2860,46,324,40,288,5,36,94,663,2022
21,Jacoby Brissett,CLE,30,QB,16,11,236,369,2608,11,36,11,36,0,0,76,700,2022
22,Ryan Tannehill,TEN,34,QB,12,12,212,325,2536,28,198,25,172,2,26,84,1052,2022
23,Jimmy Garoppolo,SFO,31,QB,11,10,207,308,2437,32,190,29,189,1,1,52,420,2022
24,Kenny Pickett,PIT,24,QB,13,12,245,389,2404,34,152,29,135,4,17,65,315,2022
25,Kyler Murray,ARI,25,QB,11,11,259,390,2368,50,393,43,336,7,57,61,440,2022
26,Justin Fields,CHI,23,QB,15,15,192,318,2242,90,475,61,368,25,107,83,759,2022
27,Lamar Jackson,BAL,25,QB,12,12,203,326,2242,110,919,72,587,35,332,99,814,2022
28,Marcus Mariota,ATL,29,QB,13,13,184,300,2219,133,1044,90,803,37,241,68,564,2022
29,Baker Mayfield,2TM,27,QB,12,10,201,335,2163,20,74,19,68,1,6,97,657,2022
30,Matthew Stafford,LAR,34,QB,9,9,206,303,2087,14,146,14,146,0,0,68,614,2022
31,Taylor Heinicke,WAS,29,QB,9,9,161,259,1859,44,340,38,338,3,2,75,658,2022
32,Carson Wentz,WAS,30,QB,8,7,172,276,1755,39,221,34,215,2,6,65,431,2022
33,Zach Wilson,NYJ,23,QB,9,9,132,242,1688,35,226,32,224,1,2,54,375,2022
34,Brock Purdy,SFO,23,QB,9,5,114,170,1374,9,102,9,102,0,0,37,288,2022
35,Mitchell Trubisky,PIT,28,QB,7,5,117,180,1252,13,103,11,96,2,7,29,287,2022
36,Mike White,NYJ,27,QB,4,4,103,175,1192,16,212,14,212,0,0,29,216,2022
37,Sam Darnold,CAR,25,QB,6,6,82,140,1143,17,100,15,100,2,0,52,414,2022
38,Deshaun Watson,CLE,27,QB,6,6,99,170,1102,26,227,19,169,6,58,51,403,2022
39,Joe Flacco,NYJ,37,QB,5,4,110,191,1051,8,47,7,47,0,0,33,244,2022
40,Cooper Rush,DAL,29,QB,9,5,94,162,1051,7,56,6,54,1,2,45,383,2022
41,Jameis Winston,NOR,28,QB,3,3,73,115,858,2,21,2,21,0,0,11,32,2022
42,Bailey Zappe,NWE,23,QB,4,2,65,92,781,8,77,7,72,1,5,24,389,2022
43,Colt McCoy,ARI,36,QB,4,3,90,132,780,32,205,27,202,3,3,22,151,2022
44,P.J. Walker,CAR,27,QB,6,5,63,106,731,14,60,12,52,1,8,32,168,2022
45,Desmond Ridder,ATL,23,QB,4,4,73,115,708,34,127,30,119,3,8,18,148,2022
46,Teddy Bridgewater,MIA,30,QB,5,2,49,79,683,12,151,12,151,0,0,17,208,2022
47,Gardner Minshew II,PHI,26,QB,5,2,44,76,663,18,214,14,213,1,1,6,98,2022
48,Tyler Huntley,BAL,24,QB,6,4,75,112,658,27,127,20,110,6,17,13,67,2022
49,Jarrett Stidham,LVR,26,QB,5,2,53,83,656,6,28,6,28,0,0,18,189,2022
50,Sam Ehlinger,IND,24,QB,4,3,64,101,573,12,100,10,97,1,3,22,156,2022
51,Skylar Thompson,MIA,25,QB,7,2,60,105,534,17,87,14,81,2,6,20,72,2022
52,Brett Rypien,DEN,26,QB,4,2,53,88,483,4,9,4,9,0,0,17,66,2022
53,Kyle Allen,HOU,26,QB,2,2,46,78,416,1,13,1,13,0,0,28,148,2022
54,Trace McSorley,ARI,27,QB,6,1,45,83,412,8,58,7,57,1,1,13,83,2022
55,Joshua Dobbs,TEN,27,QB,2,2,40,68,411,12,94,7,70,4,24,16,125,2022
56,David Blough,ARI,27,QB,2,2,38,58,402,16,188,15,188,0,0,14,166,2022
57,John Wolford,LAR,27,QB,3,3,38,62,390,8,44,8,44,0,0,24,199,2022
58,Anthony Brown,BAL,24,QB,2,1,22,49,302,2,12,2,12,0,0,12,74,2022
59,Malik Willis,TEN,23,QB,8,3,31,61,276,17,159,5,93,11,66,13,42,2022
61,Nick Foles,IND,33,QB,3,2,25,42,224,4,32,3,32,0,0,7,35,2022
62,Nick Mullens,MIN,27,QB,4,0,21,25,224,1,2,0,0,1,2,10,87,2022
63,Jordan Love,GNB,24,QB,4,0,14,21,195,0,0,0,0,0,0,1,63,2022
64,Trey Lance,SFO,22,QB,2,2,15,31,194,4,6,1,0,3,6,6,51,2022
65,Trevor Siemian,CHI,31,QB,2,1,15,26,184,4,36,4,36,0,0,6,44,2022
66,Sam Howell,WAS,22,QB,1,1,11,19,169,2,-2,2,-2,0,0,4,-2,2022
67,Davis Webb,NYG,27,QB,1,1,23,40,168,3,4,3,4,0,0,11,19,2022
68,Bryce Perkins,LAR,26,QB,5,1,19,34,161,4,38,1,15,2,23,7,48,2022
69,Nathan Peterman,CHI,28,QB,3,1,14,25,139,1,20,1,20,0,0,4,52,2022
70,Jeff Driskel,HOU,29,QB,7,2,14,20,108,13,73,10,66,3,7,7,26,2022
71,Chris Streveler,NYJ,27,QB,2,1,10,15,90,0,0,0,0,0,0,2,37,2022
72,Jacob Eason,CAR,25,QB,1,0,3,5,59,0,0,0,0,0,0,0,0,2022
73,Tyrod Taylor,NYG,33,QB,3,0,6,8,58,1,0,1,0,0,0,2,0,2022
74,Chase Daniel,LAC,36,QB,4,0,8,12,52,0,0,0,0,0,0,0,0,2022
75,Brian Hoyer,NWE,37,QB,1,1,5,6,37,0,0,0,0,0,0,2,26,2022
76,C.J. Beathard,JAX,29,QB,4,0,7,11,35,0,0,0,0,0,0,3,17,2022
79,Tim Boyle,CHI,28,QB,1,0,2,8,33,2,0,2,0,0,0,3,16,2022
80,Blaine Gabbert,TAM,33,QB,1,0,6,8,29,2,20,2,20,0,0,1,7,2022
82,Kyle Trask,TAM,24,QB,1,0,3,9,23,0,0,0,0,0,0,0,0,2022
83,Brandon Allen,CIN,30,QB,1,0,3,3,22,0,0,0,0,0,0,0,0,2022
87,Josh Johnson,SFO,36,QB,2,0,1,2,10,0,0,0,0,0,0,0,0,2022
88,Case Keenum,BUF,34,QB,2,0,2,7,8,2,4,1,0,1,4,1,0,2022
101,Chad Henne,KAN,37,QB,3,0,0,2,0,0,0,0,0,0,0,0,0,2022